date,starting_time,ending_time,beneficiary_last_name,beneficiary_first_name,beneficiary_address,school_name,specialty,training_type
04-04-22,480,600,Richards,Yen,Ap #517-5533 Amet Ave 01346 Couthuin,Ecole de Jardinage,Jardinage,Prestation courte PPS
04-04-22,540,720,Hull,Kenneth,P.O. Box 176- 4227 Ut- Rd. 58401 Bhatpara,Ecole de Musique,Musique,Prestation courte PPS
04-04-22,540,720,Harmon,Maxime,8392 Neque Street 932944 Hachst,Ecole de Musique,Musique,Prestation courte PPS
04-04-22,540,720,Schmidt,Erwann,2 rue de la gare 70555 Belfort,Ecole de Musique,Musique,Prestation payante
04-04-22,510,630,Gould,Aphrodite,5084 Auctor. Street N9H 5Z0 Poviglio,Ecole de Mecanique,Mecanique,Formation longue
04-04-22,570,750,Apprenant1,Apprenant1,Ap #517-5533 Amet Ave 01346 Couthuin,Ecole de Menuiserie,Menuiserie,Formation longue
04-04-22,810,990,Apprenant2,Apprenant2,5084 Auctor. Street N9H 5Z0 Poviglio,Ecole de Mecanique,Mecanique,Prestation courte PPS
04-04-22,810,930,Perrou,Allison,2900 cité zo 932944 Hachst,Ecole de Jardinage,Jardinage,Prestation courte PPS
04-04-22,840,1020,Apprenant3,Apprenant3,5084 Auctor. Street N9H 5Z0 Poviglio,Ecole de Electricite,Electricite,Prestation courte PPS
04-04-22,840,960,Richards,Yen,Ap #517-5533 Amet Ave 01346 Couthuin,Ecole de Mecanique,Mecanique,Prestation courte PPS
04-04-22,900,1020,Apprenant4,Apprenant4,2900 cité zo 932944 Hachst,Ecole de Mecanique,Mecanique,Prestation courte PPS
04-04-22,930,1110,Hull,Kenneth,P.O. Box 176- 4227 Ut- Rd. 58401 Bhatpara,Ecole de Electricite,Electricite,Prestation courte PPS
04-04-22,990,1110,Harmon,Maxime,8392 Neque Street 932944 Hachst,Ecole de Electricite,Electricite,Prestation courte PPS
05-04-22,510,630,Schmidt,Erwann,2 rue de la gare 70555 Belfort,Ecole de Mecanique,Mecanique,Prestation courte PPS
05-04-22,510,690,Gould,Aphrodite,5084 Auctor. Street N9H 5Z0 Poviglio,Ecole de Electricite,Electricite,Prestation courte PPS
05-04-22,510,630,Apprenant1,Apprenant1,Ap #517-5533 Amet Ave 01346 Couthuin,Ecole de Menuiserie,Menuiserie,Prestation courte PPS
05-04-22,540,720,Apprenant2,Apprenant2,5084 Auctor. Street N9H 5Z0 Poviglio,Ecole de Jardinage,Jardinage,Prestation courte PPS
05-04-22,570,690,Perrou,Allison,2900 cité zo 932944 Hachst,Ecole de Jardinage,Jardinage,Prestation courte PPS
05-04-22,540,660,Apprenant4,Apprenant4,2900 cité zo 932944 Hachst,Ecole de Electricite,Electricite,Formation longue
05-04-22,780,900,Apprenant3,Apprenant3,5084 Auctor. Street N9H 5Z0 Poviglio,Ecole de Mecanique,Mecanique,Prestation courte PPS
05-04-22,810,990,Richards,Yen,Ap #517-5533 Amet Ave 01346 Couthuin,Ecole de Electricite,Electricite,Prestation courte PPS
05-04-22,840,1020,Hull,Kenneth,P.O. Box 176- 4227 Ut- Rd. 58401 Bhatpara,Ecole de Electricite,Electricite,Prestation courte PPS
05-04-22,840,1020,Harmon,Maxime,8392 Neque Street 932944 Hachst,Ecole de Mecanique,Mecanique,Prestation courte PPS
05-04-22,840,960,Gould,Aphrodite,5084 Auctor. Street N9H 5Z0 Poviglio,Ecole de Musique,Musique,Prestation courte PPS
05-04-22,900,1020,Schmidt,Erwann,2 rue de la gare 70555 Belfort,Ecole de Jardinage,Jardinage,Prestation courte PPS
05-04-22,930,1050,Apprenant1,Apprenant1,Ap #517-5533 Amet Ave 01346 Couthuin,Ecole de Jardinage,Jardinage,Prestation courte PPS
06-04-22,510,690,Perrou,Allison,2900 cité zo 932944 Hachst,Ecole de Musique,Musique,Prestation courte PPS
06-04-22,540,660,Apprenant4,Apprenant4,2900 cité zo 932944 Hachst,Ecole de Mecanique,Mecanique,Prestation courte PPS
06-04-22,540,720,Hull,Kenneth,P.O. Box 176- 4227 Ut- Rd. 58401 Bhatpara,Ecole de Mecanique,Mecanique,Prestation courte PPS
06-04-22,540,720,Apprenant2,Apprenant2,5084 Auctor. Street N9H 5Z0 Poviglio,Ecole de Mecanique,Mecanique,Formation longue
06-04-22,540,720,Apprenant3,Apprenant3,5084 Auctor. Street N9H 5Z0 Poviglio,Ecole de Jardinage,Jardinage,Prestation courte PPS
06-04-22,540,720,Richards,Yen,Ap #517-5533 Amet Ave 01346 Couthuin,Ecole de Musique,Musique,Prestation payante
06-04-22,840,1020,Harmon,Maxime,8392 Neque Street 932944 Hachst,Ecole de Musique,Musique,Prestation courte PPS
06-04-22,870,990,Schmidt,Erwann,2 rue de la gare 70555 Belfort,Ecole de Mecanique,Mecanique,Formation longue
06-04-22,900,1020,Gould,Aphrodite,5084 Auctor. Street N9H 5Z0 Poviglio,Ecole de Musique,Musique,Prestation courte PPS
06-04-22,930,1050,Apprenant1,Apprenant1,Ap #517-5533 Amet Ave 01346 Couthuin,Ecole de Menuiserie,Menuiserie,Prestation courte PPS
06-04-22,960,1080,Perrou,Allison,2900 cité zo 932944 Hachst,Ecole de Electricite,Electricite,Prestation payante
06-04-22,960,1080,Apprenant2,Apprenant2,5084 Auctor. Street N9H 5Z0 Poviglio,Ecole de Jardinage,Jardinage,Prestation courte PPS
07-04-22,510,630,Apprenant4,Apprenant4,2900 cité zo 932944 Hachst,Ecole de Mecanique,Mecanique,Prestation courte PPS
07-04-22,510,630,Apprenant3,Apprenant3,5084 Auctor. Street N9H 5Z0 Poviglio,Ecole de Electricite,Electricite,Prestation courte PPS
07-04-22,540,660,Hull,Kenneth,P.O. Box 176- 4227 Ut- Rd. 58401 Bhatpara,Ecole de Mecanique,Mecanique,Formation longue
07-04-22,540,660,Harmon,Maxime,8392 Neque Street 932944 Hachst,Ecole de Jardinage,Jardinage,Prestation courte PPS
07-04-22,540,660,Richards,Yen,Ap #517-5533 Amet Ave 01346 Couthuin,Ecole de Musique,Musique,Prestation courte PPS
07-04-22,570,690,Gould,Aphrodite,5084 Auctor. Street N9H 5Z0 Poviglio,Ecole de Jardinage,Jardinage,Prestation courte PPS
07-04-22,780,900,Apprenant1,Apprenant1,Ap #517-5533 Amet Ave 01346 Couthuin,Ecole de Jardinage,Jardinage,Prestation courte PPS
07-04-22,840,960,Apprenant2,Apprenant2,5084 Auctor. Street N9H 5Z0 Poviglio,Ecole de Menuiserie,Menuiserie,Prestation courte PPS
07-04-22,840,1020,Apprenant3,Apprenant3,5084 Auctor. Street N9H 5Z0 Poviglio,Ecole de Electricite,Electricite,Prestation courte PPS
07-04-22,930,1050,Schmidt,Erwann,2 rue de la gare 70555 Belfort,Ecole de Menuiserie,Menuiserie,Formation longue
07-04-22,930,1050,Richards,Yen,Ap #517-5533 Amet Ave 01346 Couthuin,Ecole de Musique,Musique,Prestation courte PPS
07-04-22,960,1080,Perrou,Allison,2900 cité zo 932944 Hachst,Ecole de Mecanique,Mecanique,Prestation courte PPS
07-04-22,960,1080,Apprenant4,Apprenant4,2900 cité zo 932944 Hachst,Ecole de Electricite,Electricite,Prestation courte PPS
08-04-22,510,690,Hull,Kenneth,P.O. Box 176- 4227 Ut- Rd. 58401 Bhatpara,Ecole de Electricite,Electricite,Formation longue
08-04-22,510,630,Gould,Aphrodite,5084 Auctor. Street N9H 5Z0 Poviglio,Ecole de Menuiserie,Menuiserie,Prestation payante
08-04-22,510,630,Apprenant1,Apprenant1,Ap #517-5533 Amet Ave 01346 Couthuin,Ecole de Electricite,Electricite,Prestation courte PPS
08-04-22,540,660,Harmon,Maxime,8392 Neque Street 932944 Hachst,Ecole de Jardinage,Jardinage,Prestation courte PPS
08-04-22,570,690,Apprenant2,Apprenant2,5084 Auctor. Street N9H 5Z0 Poviglio,Ecole de Musique,Musique,Prestation payante
08-04-22,600,720,Schmidt,Erwann,2 rue de la gare 70555 Belfort,Ecole de Menuiserie,Menuiserie,Prestation courte PPS
08-04-22,810,930,Perrou,Allison,2900 cité zo 932944 Hachst,Ecole de Mecanique,Mecanique,Prestation payante
08-04-22,780,900,Apprenant3,Apprenant3,5084 Auctor. Street N9H 5Z0 Poviglio,Ecole de Electricite,Electricite,Formation longue
08-04-22,810,990,Richards,Yen,Ap #517-5533 Amet Ave 01346 Couthuin,Ecole de Mecanique,Mecanique,Prestation courte PPS
08-04-22,870,1050,Apprenant4,Apprenant4,2900 cité zo 932944 Hachst,Ecole de Mecanique,Mecanique,Prestation courte PPS
08-04-22,870,1050,Hull,Kenneth,P.O. Box 176- 4227 Ut- Rd. 58401 Bhatpara,Ecole de Electricite,Electricite,Prestation courte PPS
08-04-22,900,1020,Gould,Aphrodite,5084 Auctor. Street N9H 5Z0 Poviglio,Ecole de Electricite,Electricite,Prestation courte PPS
08-04-22,960,1080,Harmon,Maxime,8392 Neque Street 932944 Hachst,Ecole de Jardinage,Jardinage,Prestation courte PPS
08-04-22,960,1080,Apprenant1,Apprenant1,Ap #517-5533 Amet Ave 01346 Couthuin,Ecole de Musique,Musique,Prestation courte PPS
08-04-22,1020,1140,Apprenant2,Apprenant2,5084 Auctor. Street N9H 5Z0 Poviglio,Ecole de Mecanique,Mecanique,Prestation courte PPS
